{"current":{"color_body_bg":"#ffffff","color_headings":"#212121","color_body_text":"#212121","color_borders":"#212121","color_button_text":"#ffffff","color_primary":"#212121","color_secondary":"#00bcd4","color_product_background":"#bdbdbd","color_sale_tag":"#0097a7","color_input":"#bdbdbd","color_newsletter":"#0097a7","color_drawer_background":"#ffffff","color_drawer_text":"#212121","color_drawer_border":"#212121","color_drawer_button":"#0097a7","color_drawer_button_text":"#ffffff","type_header_family":"zurich_extended_n9","type_header_base_size":"30px","type_header_border_thickness":"1px","type_accent_family":"zurich_n4","type_accent_transform":true,"type_accent_spacing":true,"type_accent_subheadings":true,"type_base_family":"ysobel_n4","type_base_size":"16px","type_base_italize_titles":true,"cart_type":"drawer","cart_notes_enable":false,"share_image":"","social_facebook_link":"","social_twitter_link":"","social_pinterest_link":"","social_instagram_link":"https:\/\/www.instagram.com\/marcellvezla\/","social_snapchat_link":"","social_google_plus_link":"","social_tumblr_link":"","social_youtube_link":"","social_vimeo_link":"","social_fancy_link":"","share_facebook":true,"share_twitter":false,"share_pinterest":true,"favicon":"shopify:\/\/shop_images\/logo.png","checkout_header_image":"","checkout_logo_image":"","checkout_logo_position":"left","checkout_logo_size":"medium","checkout_body_background_image":"","checkout_body_background_color":"#fff","checkout_input_background_color_mode":"white","checkout_sidebar_background_image":"","checkout_sidebar_background_color":"#fafafa","checkout_heading_font":"-apple-system, BlinkMacSystemFont, 'Segoe UI', Roboto, Helvetica, Arial, sans-serif, 'Apple Color Emoji', 'Segoe UI Emoji', 'Segoe UI Symbol'","checkout_body_font":"-apple-system, BlinkMacSystemFont, 'Segoe UI', Roboto, Helvetica, Arial, sans-serif, 'Apple Color Emoji', 'Segoe UI Emoji', 'Segoe UI Symbol'","checkout_accent_color":"#a26b25","checkout_button_color":"#000000","checkout_error_color":"#e32c2b","checkout_banner_background_color":"#fff","checkout_call_to_action_color":"#a26b25","checkout_use_header_image":false,"collection_products_grid":"collage","customer_layout":"customer_area","favicon_enable":false,"product_vendor_enable":false,"social_sharing_style":"clean","sections":{"header":{"type":"header","settings":{"logo":"shopify:\/\/shop_images\/logo.png","logo-inverted":"","logo_max_width":"200","search":"modal","main_menu_link_list":"main-menu","drawer_bottom_link_list":"footer","drawer_search_enable":false,"show_announcement":true,"home_page_only":true,"text":"Visit our instagram to keep up to date!","link":"https:\/\/www.instagram.com\/marcellvezla\/","color_bg":"#212121","color_text":"#ffffff"}},"slideshow":{"type":"slideshow","blocks":{"slideshow-0":{"type":"slide","settings":{"image":"shopify:\/\/shop_images\/IMG_3078.JPG","image_position":"center center","image_overlay":true,"image_overlay_opacity":25,"text_alignment":"left","slide_heading":"BREAKING ARCHETYPES","slide_subheading":"Meet the people ages 45up in Around the world who are challenging popular perceptions of aging.","button_label":"About us","button_link":"shopify:\/\/pages\/about","slide_text_color":"#ffffff","slide_button_label_color":"#ffffff","slide_button_background_color":"#00bcd4"}}},"block_order":["slideshow-0"],"settings":{"home_hero_height":"full","hero_home_auto":false,"home_hero_auto_speed":5}},"featured-content":{"type":"featured-content","settings":{"home_page_full_width":true,"section_title":"About us","text":"<p>More than a project, we are a lifestyle, with the idealism of changing the mental paradigm, about the limitations that are believed to have the 45UP, leaving behind the barriers imposed by \"society\".<\/p>","text_size":"large"}},"newsletter":{"type":"newsletter","settings":{"heading":"Subscribe to our newsletter","subheading":"<p>A short sentence describing what someone will receive by subscribing<\/p>"}},"footer":{"type":"footer","settings":{"footer_link_list":"main-menu","show_payment_icons":true}},"1550700029820":{"type":"featured-blog","settings":{"title":"","blog":"experiences","post_limit":3,"blog_show_date":false,"blog_show_author":false,"blog_show_image":true,"blog_show_excerpt":false,"show_view_all":false}},"password-header":{"type":"password-header","settings":{"logo":"","logo_max_width":"200"}},"password-content":{"type":"password-content","settings":{"title":"Opening Soon","newsletter_enable":true,"newsletter_form_heading":"Be the first to know when we launch.","newsletter_form_subheading":"<p>A short sentence describing what someone will receive by subscribing<\/p>","newsletter_placeholder":"Email address","newsletter_button_text":"Submit","show_share_buttons":true,"social_message":"Spread the word"}},"list-collections-template":{"type":"list-collections-template","settings":{"display_type":"all","sort":"alphabetical"}},"article-template":{"type":"article-template","settings":{"social_sharing_blog":true}},"1551133337608":{"type":"featured-row","settings":{"image":"shopify:\/\/shop_images\/Screenshot_2019-02-20_Marcell_Vezla_en_Instagram_My_purpose_2019.png","layout":"left","title":"Our purpose","text":"<p>Pair large text with an image to give focus to your chosen product, collection, or blog post. Add details on availability, style, or even provide a review.<\/p>","button_label":"","button_link":""}}},"content_for_index":["featured-content","1551133337608","1550700029820","newsletter"]},"presets":{"Classic":{"cart_type":"drawer","cart_notes_enable":false,"checkout_accent_color":"#a26b25","checkout_banner_background_color":"#fff","checkout_button_color":"#000000","checkout_call_to_action_color":"#a26b25","checkout_use_header_image":false,"collection_products_grid":"collage","color_body_bg":"#ffffff","color_body_text":"#222323","color_borders":"#1c1d1d","color_button_text":"#ffffff","color_drawer_background":"#1c1d1d","color_drawer_border":"#343535","color_drawer_button":"#a26b25","color_drawer_button_text":"#ffffff","color_drawer_text":"#ffffff","color_headings":"#222323","color_input":"#f6f6f6","color_newsletter":"#f6f6f6","color_primary":"#1c1d1d","color_product_background":"#f7f7f7","color_sale_tag":"#990000","color_secondary":"#a26b25","customer_layout":"customer_area","favicon_enable":false,"product_vendor_enable":false,"share_facebook":true,"share_pinterest":true,"share_twitter":true,"social_sharing_style":"clean","type_accent_family":"montserrat_n6","type_accent_spacing":true,"type_accent_transform":true,"type_accent_subheadings":true,"type_base_family":"arapey_n4","type_base_italize_titles":true,"type_base_size":"16px","type_header_base_size":"30px","type_header_border_thickness":"1px","type_header_family":"old_standard_tt_n4","sections":{"header":{"type":"header","settings":{"show_announcement":true,"color_bg":"#1c1d1d","color_text":"#ffffff"}},"slideshow":{"type":"slideshow","blocks":{"slideshow-0":{"type":"slide","settings":{}},"slideshow-1":{"type":"slide","settings":{}}},"block_order":["slideshow-0","slideshow-1"],"settings":{}},"featured-products":{"type":"featured-products","settings":{"home_featured_products":"frontpage"}},"featured-content":{"type":"featured-content","settings":{}},"featured-collections":{"type":"featured-collections","blocks":{"featured-collections-0":{"type":"collection","settings":{}},"featured-collections-1":{"type":"collection","settings":{}},"featured-collections-2":{"type":"collection","settings":{}}},"block_order":["featured-collections-0","featured-collections-1","featured-collections-2"],"settings":{}},"newsletter":{"type":"newsletter","settings":{}}},"content_for_index":["featured-content","featured-collections","featured-products","newsletter"]},"Playful":{"color_body_bg":"#ffffff","color_body_text":"#565656","color_borders":"#5dd2b4","color_button_text":"#ffffff","color_primary":"#7737BD","color_secondary":"#058677","color_product_background":"#fff4f6","color_sale_tag":"#e80970","color_input":"#f6f6f6","color_newsletter":"#bde9f2","color_drawer_background":"#360f5f","color_drawer_text":"#ffffff","color_drawer_border":"#50297a","color_drawer_button":"#7737BD","color_drawer_button_text":"#ffffff","color_headings":"#321863","type_header_family":"quicksand_n7","type_header_base_size":"38px","type_header_border_thickness":"1px","type_accent_family":"roboto_n7","type_accent_transform":true,"type_accent_spacing":true,"type_accent_subheadings":false,"type_base_family":"helvetica_n4","type_base_size":"17px","type_base_italize_titles":false,"cart_type":"drawer","cart_notes_enable":true,"social_facebook_link":"","social_twitter_link":"","social_pinterest_link":"","social_instagram_link":"","social_snapchat_link":"","social_google_plus_link":"","social_tumblr_link":"","social_youtube_link":"","social_vimeo_link":"","social_fancy_link":"","share_facebook":true,"share_twitter":true,"share_pinterest":true,"favicon":"","checkout_header_image":"","checkout_logo_image":"","checkout_logo_position":"left","checkout_logo_size":"small","checkout_body_background_image":"","checkout_body_background_color":"#ffffff","checkout_input_background_color_mode":"white","checkout_sidebar_background_image":"","checkout_sidebar_background_color":"#fff4f6","checkout_heading_font":"Helvetica Neue","checkout_body_font":"Roboto","checkout_accent_color":"#7737BD","checkout_button_color":"#7737BD","checkout_error_color":"#f01130","checkout_banner_background_color":"#fff","checkout_call_to_action_color":"#a26b25","checkout_use_header_image":false,"collection_products_grid":"collage","customer_layout":"customer_area","favicon_enable":false,"product_vendor_enable":false,"social_sharing_style":"clean","sections":{"slideshow":{"type":"slideshow","blocks":{"1495823280244":{"type":"slide","settings":{"slide_text_color":"#ffffff","slide_button_label_color":"#003B34","slide_button_background_color":"#84D1B2"}}},"block_order":["1495823280244"],"settings":{"hero_home_auto":false,"home_hero_auto_speed":5}},"featured-products":{"type":"featured-products","settings":{"home_featured_products":"frontpage","collection_products_grid":"collage"}},"newsletter":{"type":"newsletter","settings":{}},"header":{"type":"header","settings":{"logo_max_width":"260","search":"modal","main_menu_link_list":"main-menu","show_announcement":false,"color_bg":"#290c49","color_text":"#ffffff"}},"footer":{"type":"footer","settings":{"footer_link_list":"footer"}},"collection-template":{"type":"collection-template","settings":{"collection_products_grid":"grid","collection_tags_enable":false,"product_vendor_enable":false}},"1494860348200":{"type":"featured-row","settings":{"layout":"right"}},"1494894035034":{"type":"featured-row","settings":{"layout":"left"}},"product-template":{"type":"product-template","settings":{"zoom_enable":false,"social_sharing_products":true,"product_vendor_enable":false}},"1496078102297":{"type":"advanced-content","blocks":{"1496078102297-0":{"type":"html","settings":{"code":"<div style=\"text-align:center;\">\n<h1 class=\"h1\">Use HTML to format your text so it can be easily read.<\/h1>This text can be used to share information about your brand with customers.<\/div>","width":"100%","alignment":"top-middle"}}},"block_order":["1496078102297-0"],"settings":{}},"1496177901425":{"type":"advanced-content","blocks":{"1496177901425-0":{"type":"html","settings":{"code":"<div style=\"width:745px;text-align: center; margin: 0 auto;\">This text can be used to share information about your brand with customers.<\/div>","width":"100%","alignment":"top-middle"}}},"block_order":["1496177901425-0"],"settings":{}}},"content_for_index":["1496177901425","featured-products","newsletter","1496078102297","1494860348200","1494894035034"]}}}